area_of_application,category,date_issue,date_of_analysis,description,document_type,filename,full_name,keytopics,keywords,language,median_content_length,number,pages_analyzed,percent_clause_detection,percent_missing_clauses,revision,source,status,total_pages
Правила устройства электроустановок распространяются на вновь сооружаемые и реконструируемые электроустановки постоянного и переменного тока напряжением до 750 кВ,Электроустановки,,2025-08-29T03:19:20.461069+00:00,"Документ содержит общие правила и требования к устройству электроустановок, включая определения и область применения. Издание утверждено приказом Министерства энергетики Российской Федерации 8 июля 2002 года и применяется с 1 января 2003 года.",ПУЭ,Правила устройства электроустановок (ПУЭ). Глава 1.1 Общая часть (Издание седьмое).pdf,Правила устройства электроустановок. Глава 1.1 Общая часть (Издание седьмое),"['устройство электроустановок', 'эксплуатация и безопасность', 'планово-предупредительные испытания', 'ремонт электроустановок']","['Правила устройства электроустановок', 'ПУЭ', 'электроустановки', 'напряжение до 750 кВ', 'эксплуатация', 'безопасность']",русский,545,-,5,62.5,0.0,,Правила устройства электроустановок (ПУЭ). Глава 1.1 Общая часть (Издание седьмое).pdf,Действующий,7
"Применяется ко всем системам электроснабжения, включая подземные, тяговые и специальные установки при соблюдении специальных правил",Электроснабжение,,2025-08-29T03:19:24.484035+00:00,"Документ содержит Правила устройства электроустановок седьмого издания, глава 1.2, регулирующие электроснабжение и электрические сети. В документе изложены определения и основные требования к системам электроснабжения, их структуре и функционированию.",ПУЭ,Правила устройства электроустановок (ПУЭ). Глава 1.2 Электроснабжение и электрические сети.pdf,Правила устройства электроустановок. Глава 1.2 Электроснабжение и электрические сети (Издание седьмое),"['определения', 'системы электроснабжения', 'электроэнергетическая система', 'централизованное электроснабжение', 'электрическая сеть']","['Правила устройства электроустановок', 'ПУЭ', 'электроснабжение', 'электросети', 'энергосистема', 'электроустановки']",Русский,308,-,5,71.4,0.0,,Правила устройства электроустановок (ПУЭ). Глава 1.2 Электроснабжение и электрические сети.pdf,Действующий,5
"Выбор сечений электрических проводников (неизолированные и изолированные провода, кабели и шины) по нагреву, экономической плотности тока и по условиям короны",Электротехника,,2025-08-29T03:19:29.162433+00:00,"Данный документ определяет правила выбора сечений электрических проводников с учетом допустимого нагрева, экономической плотности тока и условий возникновения короны. В документе рассмотрены нормы и методы проверки проводников для различных режимов работы и типов изоляции.",ПУЭ,Правила устройства электроустановок (ПУЭ). Глава 1.3. Выбор проводников по нагреву.pdf,"Правила устройства электроустановок. Глава 1.3 Выбор проводников по нагреву, экономической плотности тока и по условиям короны (издание шестое)","['выбор сечений проводников', 'нагрев проводников', 'кратковременные режимы работы', 'перегрузки кабелей', 'изоляция кабелей']","['электрические проводники', 'нагрев', 'экономическая плотность тока', 'условия короны', 'сечение проводников', 'кабели', 'изоляция']",Русский,576,-,5,85.2,0.0,,Правила устройства электроустановок (ПУЭ). Глава 1.3. Выбор проводников по нагреву.pdf,Действующий,22
"Выбор и применение электрических аппаратов и проводников в электроустановках переменного тока частотой 50 Гц, напряжением до и выше 1 кВ",Электроустановки,,2025-08-29T03:19:34.498479+00:00,"Данная глава Правил устройства электроустановок распространяется на выбор и применение электрических аппаратов и проводников по условиям короткого замыкания (КЗ) в электроустановках переменного тока частотой 50 Гц с напряжением до и выше 1 кВ. Описываются требования к электродинамической и термической стойкости, расчетные схемы для определения токов КЗ, а также исключения и условия неприменимости проверок по режимам КЗ.",ПУЭ,Правила устройства электроустановок (ПУЭ). Глава 1.4. Выбор электрических аппаратов и проводников.pdf,Правила устройства электроустановок. Глава 1.4. Выбор электрических аппаратов и проводников по условиям короткого замыкания (Издание шестое),"['выбор электрических аппаратов', 'устойчивость при коротком замыкании', 'расчет токов короткого замыкания', 'исключения по проверке КЗ']","['короткое замыкание', 'электрические аппараты', 'проводники', 'электроустановки', 'ток КЗ', 'электродинамическая стойкость', 'термическая стойкость']",русский,754,-,5,80.0,75.0,,Правила устройства электроустановок (ПУЭ). Глава 1.4. Выбор электрических аппаратов и проводников.pdf,Действующий,5
"Требования к учету электроэнергии в электроустановках, жилых и общественных зданиях",Электроустановки,,2025-08-29T03:19:38.500163+00:00,"Документ содержит требования к учету электроэнергии в электроустановках, включая требования к расчетному и техническому учету, установке счетчиков, а также особенности учета активной и реактивной электроэнергии в различных условиях.",ПУЭ,Правила устройства электроустановок (ПУЭ). Глава 1.5. Учет электроэнергии (Издание шестое).pdf,Правила устройства электроустановок (ПУЭ). Глава 1.5. Учет электроэнергии (Издание шестое),"['учет электроэнергии', 'расчетные счетчики', 'технический учет', 'установка счетчиков', 'баланс электроэнергии']","['учет электроэнергии', 'расчетный учет', 'технический учет', 'счетчики электроэнергии', 'активная электроэнергия', 'реактивная электроэнергия', 'электроустановки']",Русский,799,-,5,58.8,0.0,,Правила устройства электроустановок (ПУЭ). Глава 1.5. Учет электроэнергии (Издание шестое).pdf,Не определено,7
"Измерения электрических величин, осуществляемые при помощи стационарных средств в электроустановках",Измерения электрических величин,,2025-08-29T03:19:42.794452+00:00,"Данный документ регламентирует общие требования к измерениям электрических величин в электроустановках, включая требования к классам точности измерительных приборов, условия установки приборов, особенности измерений тока и напряжения в различных цепях и системах.",ПУЭ,Правила устройства электроустановок (ПУЭ). Глава 1.6. Измерения электрических величин.pdf,Правила устройства электроустановок. Глава 1.6. Измерения электрических величин (Издание шестое),"['точность измерений', 'установка измерительных приборов', 'контроль технологического процесса', 'измерения в электроустановках']","['измерения электрических величин', 'стационарные средства', 'классы точности', 'измерительные приборы', 'установка приборов', 'измерение тока', 'измерение напряжения']",Русский,544,-,5,76.5,0.0,,Правила устройства электроустановок (ПУЭ). Глава 1.6. Измерения электрических величин.pdf,Не определено,6
Заземление и защитные меры электробезопасности в электроустановках переменного и постоянного тока напряжением до 1 кВ и выше,Электроустановки,,2025-08-29T03:19:47.649147+00:00,"Настоящая глава Правил устройства электроустановок распространяется на все электроустановки переменного и постоянного тока напряжением до 1 кВ и выше, устанавливая общие требования к их заземлению и защите от поражения электрическим током как в нормальном режиме работы, так и при повреждении изоляции.",ПУЭ,Правила устройства электроустановок (ПУЭ). Глава 1.7 Заземление и защитные меры электробезопасности.pdf,Правила устройства электроустановок. Глава 1.7 Заземление и защитные меры электробезопасности (Издание седьмое),"['системы заземления', 'электроустановки переменного и постоянного тока', 'защита людей и животных', 'нормы электробезопасности']","['заземление', 'защитные меры электробезопасности', 'электроустановки', 'электробезопасность', 'напряжение до 1 кВ']",Русский,2007,-,5,39.3,58.8,,Правила устройства электроустановок (ПУЭ). Глава 1.7 Заземление и защитные меры электробезопасности.pdf,Действующий,39
Приемо-сдаточные испытания электрооборудования до 500 кВ,Электрооборудование,,2025-08-29T03:19:51.237923+00:00,"Документ содержит нормы приемо-сдаточных испытаний электрооборудования до 500 кВ, вводимого в эксплуатацию. Установлены требования к проведению испытаний, методам измерений и оформлению результатов. Документ является частью седьмого издания Правил устройства электроустановок и утвержден приказом Минэнерго России.",ПУЭ,Правила устройства электроустановок (ПУЭ). Глава 1.8. Нормы приемо-сдаточных испытаний.pdf,Правила устройства электроустановок. Глава 1.8. Нормы приемо-сдаточных испытаний,"['нормы приемо-сдаточных испытаний', 'электрооборудование', 'испытания повышенным напряжением', 'измерение сопротивления изоляции']","['приемо-сдаточные испытания', 'электрооборудование до 500 кВ', 'нормы испытаний', 'Минэнерго России', 'ПУЭ']",русский,838,-,5,71.9,7.3,,Правила устройства электроустановок (ПУЭ). Глава 1.8. Нормы приемо-сдаточных испытаний.pdf,Действующий,65
Выбор изоляции электроустановок переменного тока на номинальное напряжение 6-750 кВ,Электроустановки,,2025-08-29T03:19:55.744478+00:00,"Документ содержит правила устройства электроустановок, в частности главу 1.9, посвященную выбору и требованиям к изоляции электроустановок переменного тока с номинальным напряжением от 6 до 750 кВ. Установлены определения, общие требования и методика определения степени загрязнения и длины пути утечки изоляции.",ПУЭ,Правила устройства электроустановок (ПУЭ). Глава 1.9 Изоляция электроустановок.pdf,Правила устройства электроустановок. Глава 1.9 Изоляция электроустановок (Издание седьмое),"['электроустановки', 'изоляция', 'элементы изоляции', 'электрическая прочность', 'загрязнение атмосферы']","['изоляция электроустановок', 'выбор изоляции', 'путь утечки изоляции', 'эффективная длина пути утечки', 'степень загрязнения', 'карта степеней загрязнения', 'удельная эффективная длина пути утечки', 'стекло', 'фарфор', 'полимерные изоляторы']",Русский,572,-,5,85.0,0.0,,Правила устройства электроустановок (ПУЭ). Глава 1.9 Изоляция электроустановок.pdf,Действующий,16
"электропроводки силовых, осветительных и вторичных цепей напряжением до 1 кВ внутри зданий и сооружений, на наружных их стенах, территориях предприятий, учреждений и иных объектов",Электропроводки,,2025-08-29T03:19:59.996633+00:00,"Данный документ определяет область применения, основные определения, виды электропроводок, а также требования к монтажу и эксплуатации электропроводок напряжением до 1 кВ в различных условиях и местах прокладки.",ПУЭ,Правила устройства электроустановок (ПУЭ). Глава 2.1. Электропроводки.pdf,"Правила устройства электроустановок. Глава 2.1. Электропроводки. Область применения, определения","['область применения', 'основные определения', 'виды электропроводок', 'требования монтажа и эксплуатации']","['электропроводки', 'силовые цепи', 'осветительные цепи', 'вторичные цепи', 'напряжение до 1 кВ', 'открытая электропроводка', 'скрытая электропроводка', 'наружная электропроводка', 'вводы от ВЛ', 'струна', 'трос', 'полоса']",Русский,1350,-,5,50.0,0.0,,Правила устройства электроустановок (ПУЭ). Глава 2.1. Электропроводки.pdf,Действующий,13
Токопроводы переменного и постоянного тока с напряжением до 35 кВ на промышленных предприятиях и в электроустановках,Электроснабжение,,2025-08-29T03:20:03.983105+00:00,"Данный документ устанавливает требования и общие положения к токопроводам переменного и постоянного тока напряжением до 35 кВ, включая классификацию токопроводов, требования к их конструкции, выбору материалов, условиям эксплуатации и техническому обслуживанию.",ПУЭ,Правила устройства электроустановок (ПУЭ). Глава 2.2. Токопроводы напряжением до 35 кВ.pdf,Правила устройства электроустановок (ПУЭ). Глава 2.2. Токопроводы напряжением до 35 кВ (Издание шестое),"['классификация токопроводов', 'требования к конструкции', 'материалы токопроводов', 'механические нагрузки и температуры', 'защита от перенапряжений']","['токопроводы', 'напряжение до 35 кВ', 'гибкие токопроводы', 'жесткие токопроводы', 'заземление', 'механические нагрузки', 'грозовые перенапряжения']",русский,349,-,5,64.3,0.0,,Правила устройства электроустановок (ПУЭ). Глава 2.2. Токопроводы напряжением до 35 кВ.pdf,Не определено,5
Кабельные силовые линии до 220 кВ,Электроустановки,,2025-08-29T03:20:08.111879+00:00,"Данный документ содержит правила и определения, распространяющиеся на кабельные силовые линии до 220 кВ, включая технологические требования к кабельным линиям, кабельным сооружениям, а также типам кабельных линий и элементов для обеспечения их нормальной работы.",ПУЭ,Правила устройства электроустановок (ПУЭ). Глава 2.3. Кабельные линии напряжением до 220 кВ.pdf,Правила устройства электроустановок. Глава 2.3. Кабельные линии напряжением до 220 кВ (Издание шестое),"['Определения кабельных линий и сооружений', 'Технические характеристики маслонаполненных кабельных линий', 'Устройство и классификация кабельных сооружений']","['кабельные линии', 'силовые линии до 220 кВ', 'маслонаполненные линии', 'кабельные сооружения', 'подпитывающие пункты']",Русский,3053,-,5,37.8,70.8,,Правила устройства электроустановок (ПУЭ). Глава 2.3. Кабельные линии напряжением до 220 кВ.pdf,Не определено,24
"Правила устройства электроустановок, применение к воздушным линиям электропередачи напряжением до 1 кВ",Передача электроэнергии,,2025-08-29T03:20:13.133706+00:00,"Документ содержит требования к устройству воздушных линий электропередачи переменного тока напряжением до 1 кВ, включая проектирование, техническое обслуживание, ремонт и защиту окружающей среды, а также требования к заземлениям и защитам от перенапряжений. Применяется для организаций и физических лиц, занимающихся проектированием, монтажом и эксплуатацией таких линий.",ПУЭ,Правила устройства электроустановок (ПУЭ). Глава 2.4. Воздушные линии электропередачи напряжения.pdf,Правила устройства электроустановок. Глава 2.4. Воздушные линии электропередачи напряжением до 1 кВ (седьмое издание),"['устройство воздушных линий электропередачи', 'требования к проектированию ВЛ', 'техническое обслуживание и ремонт ВЛ', 'защита от перенапряжений', 'заземление']","['Правила устройства электроустановок', 'ПУЭ', 'воздушные линии электропередачи', 'напряжение до 1 кВ', 'проектирование', 'монтаж', 'эксплуатация', 'защита окружающей среды', 'заземление', 'перенапряжения']",русский,1792,-,5,58.6,0.0,,Правила устройства электроустановок (ПУЭ). Глава 2.4. Воздушные линии электропередачи напряжения.pdf,Действующий,17
Воздушные линии электропередачи напряжением выше 1 кВ и до 750 кВ,Передача электроэнергии,,2025-08-29T03:20:18.879587+00:00,"Документ содержит правила устройства электроустановок, в частности требования к воздушным линиям электропередачи переменного тока напряжением выше 1 кВ. Правила покрывают общие требования к проектированию, техническому обслуживанию, ремонту, защиту окружающей среды и устройству заземлений для воздушных линий. Предназначен для инженерно-технического персонала, занятого проектированием, монтажом и эксплуатацией воздушных линий.",ПУЭ,Правила устройства электроустановок (ПУЭ). Глава 2.5. Воздушные линии электропередачи напряжением.pdf,Правила устройства электроустановок. Глава 2.5. Воздушные линии электропередачи напряжением выше 1 кВ (Издание седьмое) (с Изменением),"['требования к ВЛ', 'напряжение выше 1 кВ', 'проектирование и эксплуатация', 'техническое обслуживание и ремонт']","['воздушные линии электропередачи', 'электроустановки', 'проектирование ВЛ', 'техническое обслуживание', 'ремонт', 'защита окружающей среды', 'заземление']",русский,1856,-,5,44.7,8.5,,Правила устройства электроустановок (ПУЭ). Глава 2.5. Воздушные линии электропередачи напряжением.pdf,Действующий,95
Электрические сети напряжением до 1 кВ,Защита электрических сетей,,2025-08-29T03:20:23.879775+00:00,"Данная глава Правил устройства электроустановок распространяется на защиту электрических сетей напряжением до 1 кВ. В документе рассмотрены требования к аппаратам защиты, выбор аппаратов, условия их работы и подключения, а также требования к защите от токов короткого замыкания.",ПУЭ,Правила устройства электроустановок (ПУЭ). Глава 3.1. Защита электрических сетей напряжением до 1 кВ.pdf,Правила устройства электроустановок. Глава 3.1. Защита электрических сетей напряжением до 1 кВ (Издание шестое),"['требования к аппаратам защиты', 'выбор защиты', 'условия подключения', 'автоматическое отключение при ненормальных режимах']","['защита электрических сетей', '1 кВ', 'аппараты защиты', 'автоматические выключатели', 'предохранители', 'токи короткого замыкания']",Русский,470,-,4,75.0,0.0,,Правила устройства электроустановок (ПУЭ). Глава 3.1. Защита электрических сетей напряжением до 1 кВ.pdf,Не определено,4
"Устройства релейной защиты элементов электрической части энергосистем, промышленных и других электроустановок выше 1 кВ",Релейная защита,,2025-08-29T03:20:28.076743+00:00,"Данная глава Правил устройства электроустановок распространяется на устройства релейной защиты элементов электрической части энергосистем и других электроустановок выше 1 кВ. В документе описываются общие требования к релейной защите, включая автоматическое отключение поврежденных элементов, реагирование на опасные режимы работы, использование предохранителей и селективность действия релейной защиты для обеспечения надежности и безопасности электроустановок.",ПУЭ,Правила устройства электроустановок (ПУЭ). Глава 3.2. Релейная защита (Издание шестое).pdf,Правила устройства электроустановок (ПУЭ). Глава 3.2. Релейная защита (Издание шестое),"['релейная защита', 'автоматическое отключение поврежденного элемента', 'селективность действия защиты', 'надёжность функционирования релейной защиты']","['релейная защита', 'электроустановки', 'энергосистемы', 'защита оборудования', 'автоматическое отключение', 'селективность защиты']",Русский,3563,-,5,29.3,0.0,,Правила устройства электроустановок (ПУЭ). Глава 3.2. Релейная защита (Издание шестое).pdf,Не определено,31
"Автоматические и телемеханические устройства электростанций, энергосистем, сетей и электроснабжения промышленных и других электроустановок",Автоматика и телемеханика,,2025-08-29T03:20:33.221846+00:00,"Документ регламентирует применение автоматических и телемеханических устройств в электростанциях, энергосистемах и сетях. Описывает требования к автоматическому повторному включению (АПВ), автоматическому вводу резерва (АВР), регулированию параметров работы энергосистемы и обеспечению устойчивости. Включает рекомендации по проектированию и эксплуатации данных устройств для обеспечения надежности электроснабжения и безопасности оборудования.",ПУЭ,Правила устройства электроустановок (ПУЭ). Глава 3.3. Автоматика и телемеханика (Издание шестое).pdf,Правила устройства электроустановок. Глава 3.3. Автоматика и телемеханика (Издание шестое),"['автоматизация энергосистем', 'защита и автоматика', 'восстановление электроснабжения', 'регулирование параметров работы', 'проектирование и эксплуатация устройств']","['автоматическое повторное включение', 'АПВ', 'автоматический ввод резерва', 'АВР', 'синхронные генераторы', 'регулирование напряжения', 'регулирование частоты', 'устойчивость энергосистемы', 'диспетчерский контроль', 'электроустановки']",русский,3256,-,5,35.7,0.0,,Правила устройства электроустановок (ПУЭ). Глава 3.3. Автоматика и телемеханика (Издание шестое).pdf,Не определено,20
"Вторичные цепи электростанций, подстанций и промышленных предприятий",Электроустановки,,2025-08-29T03:20:37.511691+00:00,"Данный документ регламентирует требования к вторичным цепям электроустановок, включая цепи управления, сигнализации, контроля, автоматики и релейной защиты. Описываются требования к рабочему напряжению, типам применяемых кабелей и жилам, а также условиям механической прочности жил кабелей и проводов. В документе указаны специфические случаи применения меди и алюминия в контрольных кабелях для электростанций, подстанций и промышленных предприятий.",ПУЭ,Правила устройства электроустановок (ПУЭ). Глава 3.4. Вторичные цепи (Издание шестое).pdf,Правила устройства электроустановок (ПУЭ). Глава 3.4. Вторичные цепи (Издание шестое),"['требования к вторичным цепям', 'Рабочее напряжение вторичных цепей', 'использование алюминиевых и медных жил', 'сечения жил кабелей', 'условия применения кабелей']","['вторичные цепи', 'электроустановки', 'кабели с алюминиевыми жилами', 'кабели с медными жилами', 'рабочее напряжение', 'механическая прочность', 'контрольные кабели']",Русский,2030,-,5,72.7,0.0,,Правила устройства электроустановок (ПУЭ). Глава 3.4. Вторичные цепи (Издание шестое).pdf,Не определено,6
"Распределительные устройства (РУ) и низковольтные комплектные устройства (НКУ) до 1 кВ переменного тока и до 1,5 кВ постоянного тока, устанавливаемые в помещениях и на открытом воздухе, выполняемые в виде щитов распределительных, управления, релейных, пультов, шкафов, шинных выводов, сборок",Электроустановки,,2025-08-29T03:20:44.849769+00:00,"Документ устанавливает требования к распределительным устройствам и низковольтным комплектным устройствам напряжением до 1 кВ переменного тока и до 1,5 кВ постоянного тока. Включает правила выбора проводов, шин, аппаратов, маркировки, защиты и размещения оборудования с целью обеспечения безопасной и надежной эксплуатации электроустановок.",ПУЭ,Правила устройства электроустановок (ПУЭ). Глава 4.1. Распределительные устройства напряжением до 1 кВ.pdf,"Правила устройства электроустановок. Глава 4.1. Распределительные устройства напряжением до 1 кВ переменного тока и до 1,5 кВ постоянного тока (Издание седьмое)","['выбор проводов и оборудования', 'безопасность эксплуатации', 'антикоррозийное покрытие', 'установка приборов и аппаратов']","['Распределительные устройства', 'низковольтные комплектные устройства', 'электроустановки', 'выбор проводов', 'маркировка', 'защита']",Русский,344,-,5,73.3,0.0,,Правила устройства электроустановок (ПУЭ). Глава 4.1. Распределительные устройства напряжением до 1 кВ.pdf,Действующий,5
Стационарные распределительные устройства и трансформаторные подстанции переменного тока напряжением выше 1 кВ,Электроустановки,,2025-08-29T03:20:50.581222+00:00,"Документ устанавливает правила и требования к устройству распределительных устройств и трансформаторных подстанций напряжением выше 1 кВ. Включает определения, область применения, рекомендации и исключения по разным аспектам устройства электроустановок.",ПУЭ,Правила устройства электроустановок (ПУЭ). Глава 4.2. Распределительные устройства и подстанции.pdf,Правила устройства электроустановок. Глава 4.2. Распределительные устройства и подстанции напряжением выше 1 кВ (Издание седьмое),"['устройство распределительных устройств', 'трансформаторные подстанции', 'электроустановки высокого напряжения']","['распределительные устройства', 'трансформаторные подстанции', 'электроустановки', 'напряжение выше 1 кВ', 'коммутационные аппараты', 'защита', 'автоматика', 'телемеханика']",Русский,1374,-,5,39.6,5.0,,Правила устройства электроустановок (ПУЭ). Глава 4.2. Распределительные устройства и подстанции.pdf,Действующий,70
Преобразовательные подстанции и установки с полупроводниковыми преобразовательными агрегатами мощностью 100 кВт и более для питания промышленных потребителей,Электроустановки,,2025-08-29T03:20:57.276241+00:00,"Данный документ определяет требования и общие правила для стационарных преобразовательных подстанций и установок с полупроводниковыми преобразовательными агрегатами мощностью от 100 кВт для питания промышленных потребителей. В частности, охватываются аспекты безопасности, устройства аппаратуры, ограничения влияния на электросеть и меры аварийной сигнализации.",ПУЭ,Правила устройства электроустановок (ПУЭ). Глава 4.3. Преобразовательные подстанции и установки.pdf,Правила устройства электроустановок. Глава 4.3. Преобразовательные подстанции и установки (Издание шестое),"['требования к преобразовательным подстанциям', 'классы напряжений', 'оборудование и сигнализация', 'ограничение радиопомех и качества энергии', 'технические меры обслуживания']","['преобразовательные подстанции', 'полупроводниковые преобразовательные агрегаты', 'электроустановки', 'компенсация реактивной мощности', 'радиопомехи', 'пожарная сигнализация', 'электрооборудование']",Русский,706,-,5,62.5,0.0,,Правила устройства электроустановок (ПУЭ). Глава 4.3. Преобразовательные подстанции и установки.pdf,Не определено,7
Стационарные установки кислотных аккумуляторных батарей,Электроустановки,,2025-08-29T03:21:01.244287+00:00,"Данный документ устанавливает правила и требования к стационарным установкам кислотных аккумуляторных батарей, включая условия работы, электрическую часть, выбор электрооборудования, системы зарядки и меры безопасности для предотвращения взрывоопасных ситуаций.",ПУЭ,Правила устройства электроустановок (ПУЭ). Глава 4.4. Аккумуляторные установки (Издание шестое).pdf,Правила устройства электроустановок (ПУЭ). Глава 4.4. Аккумуляторные установки (Издание шестое),"['Эксплуатация аккумуляторных батарей', 'Выбор и монтаж электрооборудования', 'Требования безопасности', 'Организация зарядных процессов']","['аккумуляторные батареи', 'заряд аккумуляторов', 'взрывоопасные помещения', 'электроустановки', 'вольтметр', 'амперметр', 'выпрямительные установки', 'изоляция']",русский,252,-,5,71.4,0.0,,Правила устройства электроустановок (ПУЭ). Глава 4.4. Аккумуляторные установки (Издание шестое).pdf,Не определено,5
Устройство электромашинных помещений и установка электрооборудования,Электрооборудование,,2025-08-29T03:21:05.247522+00:00,"Данный документ устанавливает правила и требования для устройства электромашинных помещений и установки в них электрооборудования мощностью до 500 кВт, включая требования к оборудованию, организации пространства, безопасности и эксплуатации.",ПУЭ,Правила устройства электроустановок (ПУЭ). Глава 5.1. Электромашинные помещения (Издание шестое).pdf,Правила устройства электроустановок (ПУЭ). Глава 5.1. Электромашинные помещения (Издание шестое),"['устройство электромашинных помещений', 'установка электрооборудования', 'требования безопасности', 'транспортировка и монтаж', 'пожарная сигнализация']","['электромашинные помещения', 'электрооборудование', 'установка', 'безопасность', 'пожарная сигнализация', 'сигнализация', 'гл.1.1', 'внутрицеховые подстанции', 'производственная категория Г', 'телефонная связь']",русский,380,-,5,60.0,0.0,,Правила устройства электроустановок (ПУЭ). Глава 5.1. Электромашинные помещения (Издание шестое).pdf,Действующий,6
"Установки генераторов тепловых и гидравлических электростанций, синхронных компенсаторов в специальных помещениях (машинных залах) и на открытом воздухе",Электроэнергетика,,2025-08-29T03:21:09.583336+00:00,"Документ регламентирует требования к установке, эксплуатации, конструктивным особенностям и оборудованию генераторов тепловых и гидравлических электростанций, а также синхронных компенсаторов. Включает общие требования к оборудованию, условия хранения и требования к монтажу и обслуживанию.",ПУЭ,Правила устройства электроустановок (ПУЭ). Глава 5.2. Генераторы и синхронные компенсаторы.pdf,Глава 5.2 Генераторы и синхронные компенсаторы (Издание шестое),"['установка генераторов', 'технические требования к генераторам', 'эксплуатация генераторов', 'оборудование генераторов', 'монтаж и обслуживание']","['генераторы', 'синхронные компенсаторы', 'электростанции', 'установка', 'эксплуатация', 'оборудование', 'монтаж', 'технические требования']",русский,589,-,5,52.9,0.0,,Правила устройства электроустановок (ПУЭ). Глава 5.2. Генераторы и синхронные компенсаторы.pdf,Не определено,8
Электродвигатели и их коммутационные аппараты в стационарных установках производственных и других помещений различного назначения,Электротехника,,2025-08-29T03:21:14.408611+00:00,"Данный документ представляет главу 5.3 Правил устройства электроустановок (ПУЭ), которая распространяется на электродвигатели и их коммутационные аппараты в стационарных установках различных помещений. В документе изложены требования к выбору, установке, охлаждению, техническому обслуживанию, заземлению, а также условиям эксплуатации электродвигателей и коммутационной аппаратуры с целью обеспечения надежности и безопасности электроснабжения.",ПУЭ,Правила устройства электроустановок (ПУЭ). Глава 5.3. Электродвигатели и их коммутационные аппараты.pdf,Правила устройства электроустановок (ПУЭ). Глава 5.3. Электродвигатели и их коммутационные аппараты (Издание шестое),"['выбор электродвигателей', 'установка и монтаж', 'охлаждение', 'заземление и зануление', 'надежность питания', 'техническое обслуживание']","['электродвигатели', 'коммутационные аппараты', 'установка', 'охлаждение', 'заземление', 'надежность электроснабжения', 'ремонт', 'охрана труда']",русский,1155,-,5,57.1,0.0,,Правила устройства электроустановок (ПУЭ). Глава 5.3. Электродвигатели и их коммутационные аппараты.pdf,Действующий,10
"Электрооборудование мостовых, портальных, башенных, кабельных и других кранов напряжением до 10 кВ",Электрооборудование,,2025-08-29T03:21:19.014392+00:00,"Данная глава Правил предоставляет требования и определения для электрооборудования кранов различных типов, включая мостовые, портальные, башенные, кабельные краны и однорельсовые тележки с напряжением до 10 кВ. Описаны условия эксплуатации, меры безопасности и конструктивные особенности электрооборудования на кранах.",ПУЭ,Правила устройства электроустановок (ПУЭ). Глава 5.4. Электрооборудование кранов (Издание шестое).pdf,Правила устройства электроустановок (ПУЭ). Глава 5.4. Электрооборудование кранов (Издание шестое),"['электрооборудование', 'краны', 'техника безопасности', 'электроснабжение']","['электрооборудование кранов', 'напряжение до 10 кВ', 'троллеи', 'малогабаритный троллейный токопровод', 'ремонтные загоны', 'электроснабжение кранов', 'безопасность эксплуатации']",Русский,1203,-,5,58.8,0.0,,Правила устройства электроустановок (ПУЭ). Глава 5.4. Электрооборудование кранов (Издание шестое).pdf,Не определено,8
"Электрооборудование лифтов и групповых лифтовых установок напряжением до 600 В, грузоподъемностью 50 кг и более, устанавливаемых в жилых, общественных зданиях, промышленных предприятиях и других сооружениях",Электрооборудование лифтов,,2025-08-29T03:21:27.163223+00:00,"Настоящая глава Правил распространяется на электрооборудование лифтов и групповых лифтовых установок напряжением до 600 В, грузоподъемностью 50 кг и более. Устанавливается обязательное соответствие электробезопасности и требованиям электропроводки, напряжения и помех радиоприему. Не распространяется на лифты во взрывоопасных помещениях, шахтах, на судах и летательных аппаратах.",ПУЭ,Правила устройства электроустановок (ПУЭ). Глава 5.5. Электрооборудование лифтов (Издание шестое).pdf,Правила устройства электроустановок. Глава 5.5. Электрооборудование лифтов,"['требования к оборудованию', 'электропроводка лифтов', 'напряжение силовых цепей', 'защита от помех', 'расстояния обслуживания']","['электрооборудование лифтов', 'напряжение', 'электропроводка', 'лифты', 'грузоподъемность', 'безопасность лифтов']",русский,491,-,4,69.2,0.0,,Правила устройства электроустановок (ПУЭ). Глава 5.5. Электрооборудование лифтов (Издание шестое).pdf,Действующий,4
Конденсаторные установки до 500 кВ для компенсации реактивной мощности и регулирования напряжения,Электроустановки,,2025-08-29T03:21:31.103476+00:00,"Данный документ содержит правила устройства конденсаторных установок напряжением до 500 кВ, включая определения, схемы электрических соединений, выбор оборудования и требования к защите и эксплуатации таких установок.",ПУЭ,Правила устройства электроустановок (ПУЭ). Глава 5.6. Конденсаторные установки (Издание шестое).pdf,Правила устройства электроустановок. Глава 5.6. Конденсаторные установки (Издание шестое),"['область применения', 'определения терминов', 'схемы электрических соединений', 'требования к защите', 'эксплуатация конденсаторных установок']","['конденсаторные установки', 'компенсация реактивной мощности', 'регулирование напряжения', 'конденсаторные батареи', 'защита конденсаторов', 'электроустановки']",Русский,406,-,4,71.4,0.0,,Правила устройства электроустановок (ПУЭ). Глава 5.6. Конденсаторные установки (Издание шестое).pdf,Не определено,4
"Установки электрического освещения зданий, помещений и сооружений наружного освещения городов, поселков и сельских населенных пунктов, территорий предприятий и учреждений, установки световой рекламы, световые знаки и иллюминационные установки",Электрическое освещение,,2025-08-29T03:21:36.762890+00:00,"Документ устанавливает правила устройства электроустановок для электрического освещения и электрооборудования специальных установок жилых, общественных, административных и бытовых зданий, а также зрелищных предприятий и спортивных сооружений. Содержит требования к проектированию, монтажу и эксплуатации систем освещения, включая наружное освещение, внутреннее освещение, световую рекламу и управление освещением.",ПУЭ,Правила устройства электроустановок (ПУЭ). Глава 6.1. Общая часть (Издание седьмое).pdf,"Правила устройства электроустановок (ПУЭ). Издание седьмое. Раздел 6 ""Электрическое освещение"", главы 7.1 и 7.2 ""Электрооборудование специальных установок""","['электрическое освещение', 'электрооборудование специальных установок', 'проектирование систем освещения', 'монтаж электроустановок', 'эксплуатация осветительных систем']","['Правила устройства электроустановок', 'ПУЭ', 'электроустановки', 'электрическое освещение', 'освещение зданий и сооружений', 'световая реклама', 'управление освещением']",Русский,374,-,5,64.7,0.0,,Правила устройства электроустановок (ПУЭ). Глава 6.1. Общая часть (Издание седьмое).pdf,Действующий,7
Технические требования и нормы к внутреннему освещению в электроустановках,Внутреннее освещение,,2025-08-29T03:21:41.202999+00:00,"Данный документ содержит технические требования и нормы по устройству внутреннего освещения в электроустановках, включая требования к светильникам, питание осветительных сетей, групповым линиям и обеспечению безопасности работы освещения в помещениях.",ПУЭ,Правила устройства электроустановок (ПУЭ). Глава 6.2. Внутреннее освещение (издание седьмое).pdf,Правила устройства электроустановок (ПУЭ). Глава 6.2. Внутреннее освещение (издание седьмое),"['технические требования', 'внутреннее освещение', 'электроустановки', 'безопасность освещения']","['светильники', 'люминесцентные лампы', 'пускорегулирующие аппараты', 'компенсация реактивной мощности', 'местное освещение', 'питание осветительных сетей', 'защитные аппараты', 'групповые линии', 'внутреннее освещение']",Русский,438,-,2,90.0,0.0,,Правила устройства электроустановок (ПУЭ). Глава 6.2. Внутреннее освещение (издание седьмое).pdf,Действующий,2
,Наружное освещение,,2025-08-29T03:21:44.179786+00:00,"Документ устанавливает нормативные требования к наружному освещению, включая использование источников света, установки осветительных приборов и опор. Описываются правила монтажа светильников на различных опорах, высоты установки, меры безопасности и специфические требования к освещению различных территорий и объектов.",ПУЭ,Правила устройства электроустановок (ПУЭ). Глава 6.3. Наружное освещение (Издание седьмое).pdf,Правила устройства электроустановок. Глава 6.3 Наружное освещение,"['требования к наружному освещению', 'монтаж осветительных приборов', 'безопасность обслуживания']","['наружное освещение', 'источники света', 'осветительные приборы', 'установка светильников', 'опоры освещения', 'безопасность', 'высота установки']",русский,625,-,4,76.9,0.0,,Правила устройства электроустановок (ПУЭ). Глава 6.3. Наружное освещение (Издание седьмое).pdf,,4
"Электроустановки, рекламное освещение",Рекламное освещение,,2025-08-29T03:21:47.361303+00:00,"Документ устанавливает требования по установке и эксплуатации трансформаторов и газосветных трубок в рекламном освещении, включая требования по безопасности, размещению, заземлению и предупреждающим мерам.",ПУЭ,Правила устройства электроустановок (ПУЭ). Глава 6.4. Рекламное освещение (Издание седьмое).pdf,Правила устройства электроустановок. Глава 6.4. Рекламное освещение,"['установка трансформаторов', 'требования к электрооборудованию', 'безопасность электроустановок']","['трансформаторы', 'газосветные трубки', 'рекламное освещение', 'безопасность', 'заземление']",Русский,368,-,2,80.0,0.0,,Правила устройства электроустановок (ПУЭ). Глава 6.4. Рекламное освещение (Издание седьмое).pdf,Не определено,2
"Городские поселения, промышленные предприятия, общественные здания",Освещение,,2025-08-29T03:21:50.514437+00:00,"Документ содержит технические требования и рекомендации по централизованному и децентрализованному управлению наружным и внутренним освещением, включая вопросы автоматизации, источников питания, контроль положения коммутационных аппаратов и особенности управления в различных типах зданий и помещений.",ПУЭ,"Правила устройства электроустановок (ПУЭ). Глава 6.5. Осветительная арматура, установочные аппараты.pdf",Глава 6.5 Управление освещением,"['технические требования управления освещением', 'автоматизация систем освещения', 'источники питания управления', 'организация управления освещением в зданиях и на предприятиях']","['управление освещением', 'наружное освещение', 'внутреннее освещение', 'централизованное управление', 'автоматическое включение', 'контроль коммутационных аппаратов']",Русский,257,-,3,75.0,0.0,,"Правила устройства электроустановок (ПУЭ). Глава 6.5. Осветительная арматура, установочные аппараты.pdf",Не определено,3
"Освещение, монтаж и обслуживание осветительных приборов в производственных и общественных зданиях, транспортных тоннелях и взрывоопасных зонах",Электроустановочные устройства,,2025-08-29T03:21:55.947490+00:00,"Документ содержит правила установки, монтажа и обслуживания осветительных приборов и электроустановочных устройств с учетом безопасности, доступности для обслуживания и специфики эксплуатации в различных условиях, включая производственные помещения с мостовыми кранами, общественные здания, взрывоопасные и пожароопасные зоны, транспортные тоннели. Описаны требования к конструкции, креплению, защите и эксплуатационным характеристикам светильников.",ПУЭ,Правила устройства электроустановок (ПУЭ). Глава 6.6. Осветительные приборы и электроустановочные.pdf,Правила устройства электроустановок (ПУЭ). Глава 6.6. Осветительные приборы и электроустановочные устройства (Издание седьмое),"['требования к установке светильников', 'обеспечение безопасности и доступности обслуживания', 'конструкционные особенности светильников', 'эксплуатация во взрывоопасных и пожароопасных зонах', 'требования к креплению и защищенности', 'использование в транспортных тоннелях']","['осветительные приборы', 'монтаж', 'обслуживание', 'безопасность', 'производственные помещения', 'общественные здания', 'взрывоопасные зоны', 'пожароопасные зоны', 'транспортные тоннели', 'светильники', 'электроустановочные устройства']",Русский,352,-,4,66.7,0.0,,Правила устройства электроустановок (ПУЭ). Глава 6.6. Осветительные приборы и электроустановочные.pdf,Не определено,4
"Электроустановки жилых, общественных, административных и бытовых зданий",Электрооборудование,,2025-08-29T03:21:59.835649+00:00,"Данная глава Правил устройства электроустановок распространяется на электроустановки жилых, общественных, административных и бытовых зданий, устанавливая требования к их устройству и безопасности. В ней определены основные термины и элементы электрооборудования таких зданий, а также установлены общие требования к электроснабжению и монтажу.",ПУЭ,"Правила устройства электроустановок (ПУЭ). Глава 7.1. Электрооборудование жилых, общественных.pdf","Правила устройства электроустановок. Глава 7.1. Электроустановки жилых, общественных, административных и бытовых зданий (Издание седьмое)","['электроустановки зданий', 'требования электроснабжения', 'устройство электрооборудования']","['электроустановки', 'жилые здания', 'общественные здания', 'административные здания', 'бытовые здания', 'электрооборудование', 'электробезопасность', 'питание электроприемников', 'вводное устройство', 'распределительный щит']",русский,1097,-,5,47.6,0.0,,"Правила устройства электроустановок (ПУЭ). Глава 7.1. Электрооборудование жилых, общественных.pdf",Не действующий,12
"расположенные внутри зданий производственные и опытно-промышленные установки электролиза водных растворов кислот, щелочей и солей с получением и без получения металлов, установки электролиза расплавленных солей, окислов и щелочей и установки гальванических покрытий изделий черными и цветными металлами",Электрооборудование специальных установок,,2025-08-29T03:22:04.497516+00:00,"Документ устанавливает правила устройства электроустановок для электролизных и гальванических установок, определяет требования к их электротехническому оборудованию, включает комплексы ванн и выпрямительных агрегатов, а также условие их применения и область распространения внутри зданий.",ПУЭ,Правила устройства электроустановок (ПУЭ). Глава 7.10. Электролизные установки и установки.pdf,Правила устройства электроустановок. Глава 7.10. Электролизные установки и установки гальванических покрытий (Издание седьмое),"['безопасность электроустановок', 'электрооборудование', 'технологические установки']","['электролизные установки', 'установки гальванических покрытий', 'электроустановки', 'выпрямительные агрегаты', 'электротехническое оборудование']",Русский,2031,-,5,47.8,0.0,,Правила устройства электроустановок (ПУЭ). Глава 7.10. Электролизные установки и установки.pdf,Действующий,14
"Электроустановки в зданиях зрелищных предприятий со зрительными залами театров, цирков, кинотеатров, концертных залов, клубов, центров творчества детей и подростков, крытых спортивных сооружений, дворцов спорта, спортивных залов и подобных",Электроустановки,,2025-08-29T03:22:10.577454+00:00,"Документ регламентирует требования к электроустановкам в зрелищных предприятиях, клубных учреждениях и спортивных сооружениях, включая определения, общие требования к электроснабжению, распределение электроприемников по категориям надежности электроснабжения, а также требования к пожарной безопасности помещений сцены и эстрады.",ПУЭ,Правила устройства электроустановок (ПУЭ). Глава 7.2. Электроустановки зрелищных предприятий.pdf,"Правила устройства электроустановок. Глава 7.2. Электроустановки зрелищных предприятий, клубных учреждений и спортивных сооружений (Издание седьмое)","['электроснабжение', 'категории электроприемников', 'пожарная безопасность', 'техническое оборудование сцены', 'определения']","['электроустановки', 'зрелищные предприятия', 'клубные учреждения', 'спортивные сооружения', 'пожарная безопасность', 'постановочное освещение', 'сцена', 'эстрада', 'манеж', 'технические аппаратные']",Русский,700,-,5,53.3,0.0,,Правила устройства электроустановок (ПУЭ). Глава 7.2. Электроустановки зрелищных предприятий.pdf,,8
"Электроустановки, размещаемые во взрывоопасных зонах внутри и вне помещений",Электрооборудование,,2025-08-29T03:22:15.392966+00:00,"Настоящая глава Правил распространяется на электроустановки во взрывоопасных зонах и устанавливает требования к выбору и установке электрооборудования, электропроводок и кабельных линий с учетом классификации взрывоопасных зон и смесей. Определяет термины и понятия, связанные с взрывоопасными средами и электроустановками.",ПУЭ,Правила устройства электроустановок (ПУЭ). Глава 7.3. Электроустановки во взрывоопасных зонах.pdf,Правила устройства электроустановок. Глава 7.3. Электроустановки во взрывоопасных зонах (Издание шестое),"['классификация взрывоопасных зон', 'требования к электрооборудованию', 'безопасность в электроустановках', 'взрывчатые смеси']","['электроустановки', 'взрывоопасные зоны', 'электрооборудование', 'взрыв', 'вспышка', 'тление', 'искробезопасная цепь', 'температура вспышки', 'легковоспламеняющаяся жидкость']",русский,1538,-,5,52.9,26.9,,Правила устройства электроустановок (ПУЭ). Глава 7.3. Электроустановки во взрывоопасных зонах.pdf,Не определено,30
"Электроустановки, размещаемые в пожароопасных зонах внутри и вне помещений",Пожарная безопасность,,2025-08-29T03:22:19.767562+00:00,"Документ устанавливает требования к электроустановкам, размещаемым в пожароопасных зонах, описывает классификацию таких зон и определяет минимальные допустимые степени защиты оболочек электрических машин в зависимости от класса пожароопасной зоны.",ПУЭ,Правила устройства электроустановок (ПУЭ). Глава 7.4. Электроустановки в пожароопасных зонах.pdf,Правила устройства электроустановок. Глава 7.4. Электроустановки в пожароопасных зонах,"['классификация пожароопасных зон', 'требования к электрооборудованию', 'степени защиты оболочек']","['электроустановки', 'пожароопасные зоны', 'классификация пожароопасных зон', 'электрооборудование', 'степень защиты оболочек']",Русский,492,-,5,66.7,0.0,,Правила устройства электроустановок (ПУЭ). Глава 7.4. Электроустановки в пожароопасных зонах.pdf,Не определено,8
Производственные и лабораторные установки электропечей и электронагревательных устройств переменного и постоянного тока различных частот,Электрооборудование специальных установок,,2025-08-29T03:22:24.783495+00:00,"Документ устанавливает требования к устройству и эксплуатации электротермических установок, включая различные виды электропечей и электронагревательных устройств с переменным и постоянным током. Правила обязательны для всех организаций и предпринимателей без образования юридического лица. Введение с 1 января 2003 года, включает определения и требования безопасности для оборудования, автоматики и технологических процессов.",ПУЭ,Правила устройства электроустановок (ПУЭ). Глава 7.5 Электротермические установки (Издание седьмое).pdf,Правила устройства электроустановок. Глава 7.5 Электротермические установки (Издание седьмое),"['электропечи', 'электронагревательные устройства', 'безопасность электроустановок', 'технические требования', 'технологические процессы']","['Правила устройства электроустановок', 'электротермические установки', 'электропечи', 'электронагревательные устройства', 'требования безопасности', 'электрооборудование']",Русский,1220,-,5,56.4,0.0,,Правила устройства электроустановок (ПУЭ). Глава 7.5 Электротермические установки (Издание седьмое).pdf,Действующий,22
"Оборудуемые и используемые в закрытых помещениях или на открытом воздухе стационарные, переносные и передвижные электросварочные установки, предназначенные для выполнения электротехнологических процессов сварки, наплавки, напыления, резки плавлением и сварки с применением давления.",Электрооборудование,,2025-08-29T03:22:29.852337+00:00,"Документ устанавливает правила и требования для электросварочных установок, применяемых в различных условиях, включая использование различных типов сварки и обработки материалов в атмосферах с различным давлением, под водой или под слоем флюса. Включает определения и состав элементов электросварочных установок.",ПУЭ,Правила устройства электроустановок (ПУЭ). Глава 7.6 Электросварочные установки (Издание седьмое).pdf,Правила устройства электроустановок. Глава 7.6 Электросварочные установки (Издание седьмое),"['требования ПУЭ', 'оборудование и безопасность', 'электротехнические установки', 'технологические процессы сварки']","['электросварочные установки', 'правила устройства электроустановок', 'электротехнологические процессы', 'сварка', 'наплавка', 'резка плавлением', 'дуговая сварка', 'плазменная сварка', 'электрошлаковая сварка', 'лазерная сварка', 'контактная сварка']",Русский,1006,-,5,60.0,0.0,,Правила устройства электроустановок (ПУЭ). Глава 7.6 Электросварочные установки (Издание седьмое).pdf,Действующий,10
"Торфяные электроустановки до 10 кВ, включая стационарные и передвижные подстанции, воздушные и кабельные линии электропередачи, электрифицированные машины для торфяных месторождений",Электроустановки,,2025-08-29T03:22:34.432807+00:00,"Данная глава Правил устройства электроустановок описывает требования к проектированию, монтажу, защите и эксплуатации торфяных электроустановок до 10 кВ. Включает правила по электроснабжению, защитам, конструктивным особенностям подстанций и воздушных линий электропередач на территории торфяных предприятий.",ПУЭ,Правила устройства электроустановок (ПУЭ). Глава 7.7. Торфяные электроустановки (Издание  шестое).pdf,Правила устройства электроустановок (ПУЭ). Глава 7.7. Торфяные электроустановки (Издание шестое),"['электроснабжение торфяных электроустановок', 'защита электроустановок', 'конструкция подстанций', 'организация территории', 'категории надежности', 'технические условия']","['торфяные электроустановки', 'электроснабжение', 'защита', 'подстанции', 'воздушные линии электропередач', 'трансформаторные подстанции']",русский,327,-,5,73.3,0.0,,Правила устройства электроустановок (ПУЭ). Глава 7.7. Торфяные электроустановки (Издание  шестое).pdf,Не определено,5
"Общие правила и нормы проектирования, монтажа, эксплуатации и обслуживания электроустановок различного назначения",Электрооборудование,,2025-08-29T03:22:38.568556+00:00,"Документ содержит систематизированные правила и нормы по электроснабжению, выбору проводников, защитным мерам, канализации электропроводок, автоматике и релейной защите, распределительным устройствам, электросиловым установкам, электрическому освещению и электрооборудованию специальных установок. Предназначен для обеспечения безопасности и надежности электроустановок.",ПУЭ,Правила устройства электроустановок (ПУЭ). Оглавление_Текст.pdf,Правила устройства электроустановок (ПУЭ),"['электроснабжение', 'выбор проводников', 'защитные меры', 'канализация электропроводок', 'релейная защита', 'автоматика', 'распределительные устройства', 'электросиловые установки', 'освещение', 'специальное электрооборудование']","['электроснабжение', 'электроустановки', 'защита электрических сетей', 'автоматика', 'распределительные устройства', 'электросиловые установки', 'электрическое освещение', 'электрооборудование']",русский,1528,-,2,0.0,0.0,,Правила устройства электроустановок (ПУЭ). Оглавление_Текст.pdf,Действующий,2
Взрывозащищенное электрооборудование,Пожарная безопасность,,2025-08-29T03:22:43.374820+00:00,"Документ содержит классификацию взрывоопасных смесей по категориям и группам согласно ПИВРЭ и ПИВЭ, описывает критерии взрывозащиты электрооборудования и условия его применения в различных взрывоопасных средах.",ПУЭ,Правила устройства электроустановок (ПУЭ). Приложения_Текст.pdf,Категории и группы взрывоопасных смесей по ПИВРЭ и ПИВЭ,"['категории взрывоопасных смесей', 'группы взрывоопасных смесей', 'маркировка электрооборудования', 'взрывозащита']","['взрывоопасные смеси', 'классификация', 'ПИВРЭ', 'ПИВЭ', 'взрывозащищенное электрооборудование']",Русский,1005,-,5,84.6,0.0,,Правила устройства электроустановок (ПУЭ). Приложения_Текст.pdf,Действующий,6
Организация общественного питания населения,Санитарно-эпидемиологические требования,2024-08-22,2025-08-29T03:22:48.231326+00:00,"Документ устанавливает санитарно-эпидемиологические требования к организации общественного питания населения, определяет нормы и правила по санитарной безопасности в данной сфере. Включает изменения, внесённые постановлением от 22 августа 2024 года, и определяет срок действия с 1 января 2021 года по 1 января 2027 года.",Постановление Правительства РФ,СанПиН 2.3(2.4).3590-20_Санитарно-эпидемиологические требования к организации общественного питания населения.pdf,"Постановление Главного государственного санитарного врача Российской Федерации от 27 октября 2020 года N 32 Об утверждении санитарно-эпидемиологических правил и норм СанПиН 2.3/2.4.3590-20 ""Санитарно-эпидемиологические требования к организации общественного питания населения"" с изменениями на 22 августа 2024 года","['санитарные нормы', 'санитарно-эпидемиологический контроль', 'гигиена питания']","['санитарно-эпидемиологические правила', 'санитарно-эпидемиологические нормы', 'общественное питание', 'санитарное благополучие']",русский,422,2.3/2.4.3590-20,5,94.8,8.0,с изменениями на 22 августа 2024 года,СанПиН 2.3(2.4).3590-20_Санитарно-эпидемиологические требования к организации общественного питания населения.pdf,Действующий,42
"Подпорные стены, судоходные шлюзы, рыбопропускные и рыбозащитные сооружения",Гидротехнические сооружения,2023-07-17,2025-08-29T03:22:53.022520+00:00,"Настоящий свод правил устанавливает требования к проектированию, строительству и эксплуатации подпорных стен, судоходных шлюзов, рыбопропускных и рыбозащитных сооружений. Документ является пересмотром СП 101.13330.2012 и включает обновленные нормы и технические требования в соответствии с федеральными законами и техническими регламентами.",Свод правил,"СП 101.13330.2023 Подпорные стены, судоходные шлюзы, рыбопропускные и рыбозащитные сооружения.pdf","СП 101.13330.2023 Подпорные стены, судоходные шлюзы, рыбопропускные и рыбозащитные сооружения","['Проектирование гидротехнических сооружений', 'Строительство гидротехнических объектов', 'Эксплуатация гидротехнических сооружений']","['Подпорные стены', 'Судоходные шлюзы', 'Рыбопропускные сооружения', 'Рыбозащитные сооружения', 'Гидротехника', 'Технические регламенты', 'Энергосбережение']",русский,341,101.13330.2023,5,94.6,4.2,Пересмотр СП 101.13330.2012,"СП 101.13330.2023 Подпорные стены, судоходные шлюзы, рыбопропускные и рыбозащитные сооружения.pdf",Действующий,96
,Инженерные изыскания,2017-07-01,2025-08-29T03:22:56.765543+00:00,"Документ устанавливает основные положения инженерных изысканий для строительства, являясь актуализированной редакцией СНиП 11-02-96 с Изменением N 1. Введен в действие приказом Министерства строительства и жилищно-коммунального хозяйства РФ и применяется с 1 июля 2017 года.",Свод правил,СП 47.13330.2016 Инженерные изыскания для строительства. Основные положения. Актуализированная..._Текст.pdf,СП 47.13330.2016 Инженерные изыскания для строительства. Основные положения. Актуализированная редакция СНиП 11-02-96 (с Изменением N 1),"['основные положения инженерных изысканий', 'технические требования к инженерным изысканиям', 'строительные изыскания']","['инженерные изыскания', 'строительство', 'СНиП 11-02-96', 'актуализация', 'основные положения']",русский,666,47.13330.2016,5,83.9,8.2,с Изменением N 1,СП 47.13330.2016 Инженерные изыскания для строительства. Основные положения. Актуализированная..._Текст.pdf,Действующий,117
Система нормативных документов в строительстве,Строительство,2025-04-13,2025-08-29T03:23:00.912181+00:00,Свод правил устанавливает основные принципы и правила формирования системы нормативных документов в строительстве в соответствии с требованиями законодательства Российской Федерации.,Свод правил,СП 555.1325800.2025 Система нормативных документов в строительстве. Основные положения.pdf,СП 555.1325800.2025 Свод правил Система нормативных документов в строительстве. Основные положения,"['система нормативных документов', 'технические регламенты', 'здания и сооружения']","['нормативные документы', 'строительство', 'принципы формирования', 'правила']",русский,193,555.1325800.2025,5,95.9,0.0,Введен впервые,СП 555.1325800.2025 Система нормативных документов в строительстве. Основные положения.pdf,Действующий,23